[
{"name":"Irving Aaronson", "birthLocation":"New York, New York", "pageUrl":"irvingaaronson.html", "born":[{"year":"1895"}, {"month":"7"}, {"day":"2"}], "died":[{"year":"1963"}, {"month":"10"}, {"day":"5"}]},
{"name":"Texas Alexander", "birthLocation":"Jewett, Texas", "pageUrl":"talexander.html", "born":[{"year":"1900"}, {"month":"12"}, {"day":"9"}], "died":[{"year":"1954"}, {"month":"16"}, {"day":"4"}]},
{"name":"Henry \"Red\" Allen", "birthLocation":"Algiers, Louisiana", "pageUrl":"red.html", "born":[{"year":"1908"}, {"month":"7"}, {"day":"1"}], "died":[{"year":"1967"}, {"month":"17"}, {"day":"4"}]},
{"name":"Lil Hardin-Armstrong", "birthLocation":"Memphis, Tennessee", "pageUrl":"lil.html", "born":[{"year":"1898"}, {"month":"3"}, {"day":"2"}], "died":[{"year":"1971"}, {"month":"27"}, {"day":"8"}]},
{"name":"Louis Armstrong", "birthLocation":"New Orleans, Louisiana", "pageUrl":"louie.html", "born":[{"year":"1901"}, {"month":"4"}, {"day":"8"}], "died":[{"year":"1971"}, {"month":"6"}, {"day":"7"}]},
{"name":"Sidney Arodin", "birthLocation":"Westwego, Louisiana", "pageUrl":"arodin.html", "born":[{"year":"1901"}, {"month":"29"}, {"day":"3"}], "died":[{"year":"1948"}, {"month":"6"}, {"day":"2"}]},
{"name":"Lovie Austin", "birthLocation":"Chattanooga, Tennessee", "pageUrl":"austin.html", "born":[{"year":"1887"}, {"month":"19"}, {"day":"9"}], "died":[{"year":"1972"}, {"month":"10"}, {"day":"7"}]},
{"name":"Buster Bailey", "birthLocation":"Memphis, Tennessee", "pageUrl":"busterbailey.html", "born":[{"year":"1902"}, {"month":"19"}, {"day":"7"}], "died":[{"year":"1967"}, {"month":"12"}, {"day":"4"}]},
{"name":"Josephine Baker", "birthLocation":"St. Louis, Missouri", "pageUrl":"josephinebaker.html", "born":[{"year":"1906"}, {"month":"3"}, {"day":"6"}], "died":[{"year":"1975"}, {"month":"12"}, {"day":"4"}]},
{"name":"Smith Ballew", "birthLocation":"Palestine, Texas", "pageUrl":"ballew.html", "born":[{"year":"1902"}, {"month":"21"}, {"day":"1"}], "died":[{"year":"1984"}, {"month":"12"}, {"day":"3"}]},
{"name":"Paul Barbarin", "birthLocation":"New Orleans, Louisiana", "pageUrl":"barbarin.html", "born":[{"year":"1899"}, {"month":"5"}, {"day":"5"}], "died":[{"year":"1969"}, {"month":"10"}, {"day":"2"}]},
{"name":"Roy Bargy", "birthLocation":"Newaygo, Michigan", "pageUrl":"bargy.html", "born":[{"year":"1894"}, {"month":"31"}, {"day":"7"}], "died":[{"year":"1974"}, {"month":"16"}, {"day":"1"}]},
{"name":"Danny Barker", "birthLocation":"New Orleans, Louisiana", "pageUrl":"barker.html", "born":[{"year":"1909"}, {"month":"13"}, {"day":"1"}], "died":[{"year":"1994"}, {"month":"13"}, {"day":"3"}]},
{"name":"Sidney Bechet", "birthLocation":"New Orleans, Louisiana", "pageUrl":"bechet.html", "born":[{"year":"1897"}, {"month":"14"}, {"day":"4"}], "died":[{"year":"1959"}, {"month":"14"}, {"day":"4"}]},
{"name":"Barney Bigard", "birthLocation":"New Orleans, Louisiana", "pageUrl":"bigard.html", "born":[{"year":"1906"}, {"month":"3"}, {"day":"3"}], "died":[{"year":"1980"}, {"month":"27"}, {"day":"7"}]},
{"name":"Bix Beiderbecke", "birthLocation":"Davenport, Iowa", "pageUrl":"bix.html", "born":[{"year":"1903"}, {"month":"10"}, {"day":"3"}], "died":[{"year":"1931"}, {"month":"6"}, {"day":"8"}]},
{"name":"Vic Berton", "birthLocation":"Chicago, Illinois", "pageUrl":"berton.html", "born":[{"year":"1896"}, {"month":"7"}, {"day":"5"}], "died":[{"year":"1951"}, {"month":"26"}, {"day":"12"}]},
{"name":"Esther Bigeou", "birthLocation":"New Orleans, Louisiana", "pageUrl":"bigeou.html", "born":[{"year":"1895"}], "died":[{"year":"1936"}]},
{"name":"Jack Bland", "birthLocation":"Sedalia, Missouri", "pageUrl":"bland.html", "born":[{"year":"1899"}, {"month":"8"}, {"day":"5"}], "died":[{"year":"1968"}, {"month":"10"}]},
{"name":"Jimmy Blythe", "birthLocation":"Keene, Kentucky", "pageUrl":"blythe.html", "born":[{"year":"1901"}, {"month":"20"}, {"day":"5"}], "died":[{"year":"1931"}, {"month":"21"}, {"day":"7"}]},
{"name":"Peter Bocage", "birthLocation":"Algiers, Louisiana", "pageUrl":"bocage.html", "born":[{"year":"1877"}, {"month":"6"}, {"day":"9"}], "died":[{"year":"1967"}, {"month":"3"}, {"day":"12"}]},
{"name":"Lucille Bogan", "birthLocation":"Amory, Mississippi", "pageUrl":"bogan.html", "born":[{"year":"1897"}, {"month":"1"}, {"day":"4"}], "died":[{"year":"1948"}, {"month":"10"}, {"day":"8"}]},
{"name":"Buddy Bolden", "birthLocation":"New Orleans, Louisiana", "pageUrl":"buddy.html", "born":[{"year":"1877"}, {"month":"6"}, {"day":"9"}], "died":[{"year":"1931"}, {"month":"4"}, {"day":"11"}]},
{"name":"Perry Bradford", "birthLocation":"Montgomery, Alabama", "pageUrl":"bradford.html", "born":[{"year":"1893"}, {"month":"14"}, {"day":"2"}], "died":[{"year":"1970"}, {"month":"22"}, {"day":"4"}]},
{"name":"Bessie Brown", "birthLocation":"Baltimore, Maryland", "pageUrl":"bessiebrown.html", "born":[{"year":"1890"}, {"month":"2"}, {"day":"3"}], "died":[{"year":"1955"}, {"month":"12"}, {"day":"11"}]},
{"name":"Tom Brown", "birthLocation":"New Orleans, Louisiana", "pageUrl":"brown.html", "born":[{"year":"1888"}, {"month":"3"}, {"day":"6"}], "died":[{"year":"1958"}, {"month":"25"}, {"day":"3"}]},
{"name":"George Brunies", "birthLocation":"New Orleans, Louisiana", "pageUrl":"brunis.html", "born":[{"year":"1902"}, {"month":"6"}, {"day":"2"}], "died":[{"year":"1974"}, {"month":"19"}, {"day":"11"}]},
{"name":"W.E. \"Buddy\" Burton", "birthLocation":"Louisville, Kentucky", "pageUrl":"burton.html", "born":[{"year":"1890"}, {"month":"2"}], "died":[{"year":"1977"}, {"month":"6"}, {"day":"7"}]},
{"name":"Henry Busse", "birthLocation":"Magdeburg, Germany", "pageUrl":"henrybusse.html", "born":[{"year":"1894"}, {"month":"19"}, {"day":"5"}], "died":[{"year":"1955"}, {"month":"23"}, {"day":"4"}]},
{"name":"Jack Carey", "birthLocation":"Hahnville, Louisiana", "pageUrl":"jackcarey.html", "born":[{"year":"1889"}], "died":[{"year":"1934"}]},
{"name":"Mutt Carey", "birthLocation":"Hahnville, Louisiana", "pageUrl":"mutt.html", "born":[{"year":"1891"}], "died":[{"year":"1948"}, {"month":"3"}, {"day":"9"}]},
{"name":"Hoagy Carmichael", "birthLocation":"Bloomington, Indiana", "pageUrl":"hoagy.html", "born":[{"year":"1899"}, {"month":"22"}, {"day":"11"}], "died":[{"year":"1981"}, {"month":"27"}, {"day":"12"}]},
{"name":"Sonny Clay", "birthLocation":"Chapel Hill, Texas", "pageUrl":"clay.html", "born":[{"year":"1899"}, {"month":"15"}, {"day":"5"}], "died":[{"year":"1972"}]},
{"name":"Papa Celestin", "birthLocation":"Napoleanville, Louisiana", "pageUrl":"papa.html", "born":[{"year":"1884"}, {"month":"1"}, {"day":"1"}], "died":[{"year":"1954"}, {"month":"15"}, {"day":"12"}]},
{"name":"Junie Cobb", "birthLocation":"Hot Springs, Arkansas", "pageUrl":"cobb.html", "born":[{"year":"1896"}], "died":[{"year":"1970"}]},
{"name":"Lee Collins", "birthLocation":"New Orleans, Louisiana", "pageUrl":"collins.html", "born":[{"year":"1901"}, {"month":"17"}, {"day":"10"}], "died":[{"year":"1960"}, {"month":"3"}, {"day":"7"}]},
{"name":"Doc Cooke", "birthLocation":"Louisville, Kentucky", "pageUrl":"cooke.html", "born":[{"year":"1891"}, {"month":"3"}, {"day":"9"}], "died":[{"year":"1958"}, {"month":"25"}, {"day":"12"}]},
{"name":"Eddie Condon", "birthLocation":"Goodland Indiana", "pageUrl":"condon.html", "born":[{"year":"1905"}, {"month":"16"}, {"day":"11"}], "died":[{"year":"1973"}, {"month":"4"}, {"day":"8"}]},
{"name":"Martha Copeland", "birthLocation":"?", "pageUrl":"copeland.html", "born":[], "died":[]},
{"name":"Ida Cox", "birthLocation":"Toccoa, Georgia", "pageUrl":"idacox.html", "born":[{"year":"1886"}, {"month":"25"}, {"day":"2"}], "died":[{"year":"1967"}, {"month":"10"}, {"day":"11"}]},
{"name":"Wilton Crawley", "birthLocation":"Smithfield, Virginia", "pageUrl":"crawley.html", "born":[{"year":"1900"}], "died":[{"year":"1948"}]},
{"name":"Charlie Creath", "birthLocation":"Ironton, Missouri", "pageUrl":"creath.html", "born":[{"year":"1890"}, {"month":"30"}, {"day":"12"}], "died":[{"year":"1951"}, {"month":"23"}, {"day":"10"}]},
{"name":"Cow Cow Davenport", "birthLocation":"Anniston, Alabama", "pageUrl":"cowcow.html", "born":[{"year":"1894"}, {"month":"23"}, {"day":"4"}], "died":[{"year":"1956"}, {"month":"2"}, {"day":"12"}]},
{"name":"Baby Dodds", "birthLocation":"New Orleans, Louisiana", "pageUrl":"baby.html", "born":[{"year":"1898"}, {"month":"24"}, {"day":"12"}], "died":[{"year":"1959"}, {"month":"14"}, {"day":"2"}]},
{"name":"Johnny Dodds", "birthLocation":"New Orleans, Louisiana", "pageUrl":"jdodds.html", "born":[{"year":"1892"}, {"month":"12"}, {"day":"4"}], "died":[{"year":"1940"}, {"month":"8"}, {"day":"8"}]},
{"name":"Natty Dominique", "birthLocation":"New Orleans, Louisiana", "pageUrl":"natty.html", "born":[{"year":"1896"}, {"month":"2"}, {"day":"8"}], "died":[{"year":"1982"}, {"month":"30"}, {"day":"8"}]},
{"name":"Jimmy Dorsey", "birthLocation":"Shenandoah, Pennsylvania", "pageUrl":"jimmy.html", "born":[{"year":"1904"}, {"month":"29"}, {"day":"2"}], "died":[{"year":"1957"}, {"month":"12"}, {"day":"6"}]},
{"name":"Tommy Dorsey", "birthLocation":"Shenandoah, Pennsylvania", "pageUrl":"tommy.html", "born":[{"year":"1905"}, {"month":"19"}, {"day":"11"}], "died":[{"year":"1956"}, {"month":"26"}, {"day":"11"}]},
{"name":"Johnny Dunn", "birthLocation":"Memphis, Tennessee", "pageUrl":"dunn.html", "born":[{"year":"1997"}, {"month":"19"}, {"day":"2"}], "died":[{"year":"1937"}, {"month":"20"}, {"day":"8"}]},
{"name":"Frankie Dusen", "birthLocation":"New Orleans, Louisiana", "pageUrl":"dusen.html", "born":[{"year":"1880"}], "died":[{"year":"1940"}]},
{"name":"Jimmy Durante", "birthLocation":"New York, New York", "pageUrl":"jdurante.html", "born":[{"year":"1893"}, {"month":"10"}, {"day":"2"}], "died":[{"year":"1980"}, {"month":"29"}, {"day":"1"}]},
{"name":"Honore Dutrey", "birthLocation":"New Orleans, Louisiana", "pageUrl":"dutrey.html", "born":[{"year":"1894"}], "died":[{"year":"1935"}, {"month":"21"}, {"day":"7"}]},
{"name":"Cliff Edwards", "birthLocation":"Hannibal, Missouri", "pageUrl":"cliffedwards.html", "born":[{"year":"1895"}, {"month":"14"}, {"day":"6"}], "died":[{"year":"1971"}, {"month":"17"}, {"day":"7"}]},
{"name":"Duke Ellington", "birthLocation":"Washington, D.C.", "pageUrl":"duke.html", "born":[{"year":"1899"}, {"month":"29"}, {"day":"4"}], "died":[{"year":"1974"}, {"month":"24"}, {"day":"5"}]},
{"name":"Pops Foster", "birthLocation":"McCall, Louisiana", "pageUrl":"foster.html", "born":[{"year":"1892"}, {"month":"18"}, {"day":"5"}], "died":[{"year":"1969"}, {"month":"30"}, {"day":"10"}]},
{"name":"Bud Freeman", "birthLocation":"Chicago, Illinois", "pageUrl":"freeman.html", "born":[{"year":"1906"}, {"month":"13"}, {"day":"4"}], "died":[{"year":"1991"}, {"month":"15"}, {"day":"3"}]},
{"name":"Bob Fuller", "birthLocation":"New York, New York", "pageUrl":"bobfuller.html", "born":[{"year":"1898"}], "died":[]},
{"name":"Jean Goldkette", "birthLocation":"Valenciennes, France", "pageUrl":"goldkette.html", "born":[{"year":"1899"}, {"month":"18"}, {"day":"3"}], "died":[{"year":"1962"}, {"month":"24"}, {"day":"3"}]},
{"name":"Benny Goodman", "birthLocation":"Chicago, Illinois", "pageUrl":"goodman.html", "born":[{"year":"1909"}, {"month":"30"}, {"day":"5"}], "died":[{"year":"1986"}, {"month":"20"}, {"day":"6"}]},
{"name":"W.C. Handy", "birthLocation":"Florence, Alabama", "pageUrl":"null", "born":[{"year":"1873"}, {"month":"16"}, {"day":"11"}], "died":[{"year":"1958"}, {"month":"28"}, {"day":"3"}]},
{"name":"Annette Hanshaw", "birthLocation":"New York, New York", "pageUrl":"hanshaw.html", "born":[{"year":"1901"}, {"month":"18"}, {"day":"10"}], "died":[{"year":"1985"}, {"month":"13"}, {"day":"3"}]},
{"name":"Emmett Hardy", "birthLocation":"Gretna, Louisiana", "pageUrl":"null", "born":[{"year":"1903"}, {"month":"12"}, {"day":"6"}], "died":[{"year":"1925"}, {"month":"16"}, {"day":"6"}]},
{"name":"Marion Harris", "birthLocation":"Indiana or Kentucky", "pageUrl":"marionharris.html", "born":[{"year":"1896"}], "died":[{"year":"1944"}, {"month":"24"}, {"day":"4"}]},
{"name":"Coleman Hawkins", "birthLocation":"St. Joesph, Missouri", "pageUrl":"hawkins.html", "born":[{"year":"1901"}, {"month":"21"}, {"day":"11"}], "died":[{"year":"1969"}, {"month":"19"}, {"day":"5"}]},
{"name":"Lucille Hegamin", "birthLocation":"Macon, Georgia", "pageUrl":"hegamin.html", "born":[{"year":"1894"}, {"month":"29"}, {"day":"11"}], "died":[{"year":"1970"}, {"month":"1"}, {"day":"3"}]},
{"name":"Edmonia Henderson", "birthLocation":"?", "pageUrl":"ehenderson.html", "born":[], "died":[]},
{"name":"Fletcher Henderson", "birthLocation":"Cuthbert, Georgia", "pageUrl":"fletcher.html", "born":[{"year":"1897"}, {"month":"18"}, {"day":"12"}], "died":[{"year":"1952"}, {"month":"28"}, {"day":"12"}]},
{"name":"Katherine Henderson", "birthLocation":"St. Louis, Missouri", "pageUrl":"khenderson.html", "born":[{"year":"1909"}, {"month":"23"}, {"day":"6"}], "died":[]},
{"name":"Rosa Henderson", "birthLocation":"Henderson, Kentucky", "pageUrl":"rosahenderson.html", "born":[{"year":"1896"}, {"month":"24"}, {"day":"11"}], "died":[{"year":"1968"}, {"month":"6"}, {"day":"4"}]},
{"name":"Edna Hicks", "birthLocation":"New Orleans, Louisiana", "pageUrl":"ehicks.html", "born":[{"year":"1895"}, {"month":"14"}, {"day":"10"}], "died":[{"year":"1925"}, {"month":"16"}, {"day":"8"}]},
{"name":"Alex Hill</A>", "birthLocation":"Little Rock, Arkansas", "pageUrl":"alexhill.html", "born":[{"year":"1906"}, {"month":"4"}], "died":[{"year":"1937"}, {"month":"2"}]},
{"name":"Chippie Hill</A>", "birthLocation":"Charleston, South Carolina", "pageUrl":"chippiehill.html", "born":[{"year":"1900"}], "died":[{"year":"1950"}, {"month":"7"}, {"day":"5"}]},
{"name":"Earl Hines", "birthLocation":"Pittsburgh, Pennsylvania", "pageUrl":"hines.html", "born":[{"year":"1900"}, {"month":"28"}, {"day":"12"}], "died":[{"year":"1971"}, {"month":"6"}, {"day":"7"}]},
{"name":"Alberta Hunter", "birthLocation":"Memphis, Tennessee", "pageUrl":"hunter.html", "born":[{"year":"1895"}, {"month":"1"}, {"day":"4"}], "died":[{"year":"1984"}, {"month":"17"}, {"day":"10"}]},
{"name":"Papa Charlie Jackson", "birthLocation":"New Orleans, Louisiana<B>", "pageUrl":"jackson.html", "born":[{"year":"1890"}], "died":[{"year":"1938"}]},
{"name":"Frankie \"Half Pint\" Jaxon", "birthLocation":"Montgomery, Alabama<B>", "pageUrl":"jaxon.html", "born":[{"year":"1895"}, {"month":"3"}, {"day":"2"}], "died":[{"year":"1944"}]},
{"name":"Bill Johnson", "birthLocation":"New Orleans, Louisiana", "pageUrl":"johnson.html", "born":[{"year":"1872"}, {"month":"10"}, {"day":"8"}], "died":[{"year":"1972"}, {"month":"3"}, {"day":"12"}]},
{"name":"Bunk Johnson", "birthLocation":"New Orleans, Louisiana", "pageUrl":"bunk.html", "born":[{"year":"1889"}, {"month":"27"}, {"day":"12"}], "died":[{"year":"1949"}, {"month":"7"}, {"day":"7"}]},
{"name":"James P. Johnson", "birthLocation":"New Brunswick, New Jersey", "pageUrl":"jpjohnson.html", "born":[{"year":"1894"}, {"month":"1"}, {"day":"2"}], "died":[{"year":"1955"}, {"month":"17"}, {"day":"11"}]},
{"name":"Lonnie Johnson", "birthLocation":"New Orleans, Louisiana", "pageUrl":"ljohnson.html", "born":[{"year":"1899"}, {"month":"18"}, {"day":"2"}], "died":[{"year":"1970"}, {"month":"16"}, {"day":"7"}]},
{"name":"Margaret Johnson", "birthLocation":"Kentucky?", "pageUrl":"margaretjohnson.html", "born":[], "died":[]},
{"name":"Mary Johnson", "birthLocation":"Eden Station, Mississippi", "pageUrl":"maryjohnson.html", "born":[{"year":"1900"}], "died":[{"year":"1970"}]},
{"name":"Maggie Jones", "birthLocation":"Hillsbough, Texas", "pageUrl":"maggiejones.html", "born":[{"year":"1900"}], "died":[]},
{"name":"Richard M. Jones", "birthLocation":"Donaldsville, Louisiana", "pageUrl":"jones.html", "born":[{"year":"1889"}, {"month":"13"}, {"day":"6"}], "died":[{"year":"1945"}, {"month":"8"}, {"day":"12"}]},
{"name":"Dolly Kay", "birthLocation":"?", "pageUrl":"dollykay.html", "born":[], "died":[]},
{"name":"Freddie Keppard", "birthLocation":"New Orleans, Louisiana", "pageUrl":"keppard.html", "born":[{"year":"1890"}, {"month":"27"}, {"day":"2"}], "died":[{"year":"1933"}, {"month":"21"}, {"day":"12"}]},
{"name":"Carl Kress", "birthLocation":"Newark, New Jersey", "pageUrl":"kress.html", "born":[{"year":"1907"}, {"month":"20"}, {"day":"10"}], "died":[{"year":"1965"}, {"month":"10"}, {"day":"6"}]},
{"name":"Gene Krupa", "birthLocation":"Chicago, Illinois", "pageUrl":"krupa.html", "born":[{"year":"1909"}, {"month":"15"}, {"day":"1"}], "died":[{"year":"1973"}, {"month":"16"}, {"day":"10"}]},
{"name":"Tommy Ladnier", "birthLocation":"New Orleans, Louisiana", "pageUrl":"ladnier.html", "born":[{"year":"1900"}, {"month":"28"}, {"day":"5"}], "died":[{"year":"1939"}, {"month":"4"}, {"day":"7"}]},
{"name":"Papa Jack Laine", "birthLocation":"New Orleans, Louisiana", "pageUrl":"laine.html", "born":[{"year":"1873"}, {"month":"21"}, {"day":"9"}], "died":[{"year":"1966"}, {"month":"1"}, {"day":"6"}]},
{"name":"Eddie Lang", "birthLocation":"Philadelphia, Pennsylvania", "pageUrl":"lang.html", "born":[{"year":"1902"}, {"month":"25"}, {"day":"10"}], "died":[{"year":"1933"}, {"month":"26"}, {"day":"3"}]},
{"name":"Nick LaRocca", "birthLocation":"New Orleans, Louisiana", "pageUrl":"larocca.html", "born":[{"year":"1889"}, {"month":"11"}, {"day":"4"}], "died":[{"year":"1961"}, {"month":"22"}, {"day":"2"}]},
{"name":"George Lewis", "birthLocation":"New Orleans, Louisiana", "pageUrl":"lewis.html", "born":[{"year":"1900"}, {"month":"13"}, {"day":"7"}], "died":[{"year":"1968"}, {"month":"31"}, {"day":"12"}]},
{"name":"Ted Lewis", "birthLocation":"Circleville, Ohio", "pageUrl":"tedlewis.html", "born":[{"year":"1890"}, {"month":"5"}, {"day":"6"}], "died":[{"year":"1971"}, {"month":"25"}, {"day":"8"}]},
{"name":"Virginia Liston", "birthLocation":"?", "pageUrl":"virginialiston.html", "born":[{"year":"1890"}], "died":[{"year":"1932"}]},
{"name":"Ray Lopez", "birthLocation":"New Orleans, Louisiana", "pageUrl":"lopez.html", "born":[{"year":"1889"}, {"month":"28"}, {"day":"11"}], "died":[{"year":"1970"}, {"month":"27"}, {"day":"4"}]},
{"name":"Nick Lucas", "birthLocation":"Newark, New Jersey", "pageUrl":"lucas.html", "born":[{"year":"1897"}, {"month":"22"}, {"day":"8"}], "died":[{"year":"1982"}, {"month":"28"}, {"day":"7"}]},
{"name":"Abe Lyman", "birthLocation":"Chicago, Illinois", "pageUrl":"lyman.html", "born":[{"year":"1897"}, {"month":"4"}, {"day":"8"}], "died":[{"year":"1957"}, {"month":"23"}, {"day":"10"}]},
{"name":"Wingy Manone", "birthLocation":"New Orleans, Louisiana", "pageUrl":"wingy.html", "born":[{"year":"1900"}, {"month":"13"}, {"day":"2"}], "died":[{"year":"1982"}, {"month":"9"}, {"day":"7"}]},
{"name":"Fate Marable", "birthLocation":"New Orleans, Louisiana", "pageUrl":"fatem.html", "born":[{"year":"1890"}, {"month":"2"}, {"day":"12"}], "died":[{"year":"1947"}, {"month":"16"}, {"day":"1"}]},
{"name":"Paul Mares", "birthLocation":"New Orleans, Louisiana", "pageUrl":"mares.html", "born":[{"year":"1900"}, {"month":"15"}, {"day":"6"}], "died":[{"year":"1949"}, {"month":"18"}, {"day":"8"}]},
{"name":"Daisy Martin", "birthLocation":"?", "pageUrl":"daisymartin.html", "born":[], "died":[]},
{"name":"Sara Martin", "birthLocation":"Louisville, Kentucky", "pageUrl":"martin.html", "born":[{"year":"1884"}, {"month":"18"}, {"day":"6"}], "died":[{"year":"1955"}, {"month":"24"}, {"day":"3"}]},
{"name":"Viola McCoy", "birthLocation":"", "pageUrl":"mccoy.html", "born":[{"year":"1900"}], "died":[{"year":"1956"}]},
{"name":"Hattie McDaniel", "birthLocation":"Wichita, Kansas", "pageUrl":"hattiemcd.html", "born":[{"year":"1895"}, {"month":"10"}, {"day":"6"}], "died":[{"year":"1952"}, {"month":"26"}, {"day":"10"}]},
{"name":"Red McKenzie", "birthLocation":"St. Louis, Missouri", "pageUrl":"mckenzie.html", "born":[{"year":"1899"}, {"month":"14"}, {"day":"10"}], "died":[{"year":"1948"}, {"month":"7"}, {"day":"2"}]},
{"name":"Jimmy McPartland", "birthLocation":"Chicago, Illinois", "pageUrl":"mcpartland.html", "born":[{"year":"1907"}, {"month":"15"}, {"day":"3"}], "died":[{"year":"1991"}, {"month":"12"}, {"day":"3"}]},
{"name":"Frank Melrose", "birthLocation":"Sumner, Illinois", "pageUrl":"frankmelrose.html", "born":[{"year":"1907"}, {"month":"26"}, {"day":"12"}], "died":[{"year":"1941"}, {"month":"9"}]},
{"name":"Mezz Mezzrow", "birthLocation":"Chicago, Illinois", "pageUrl":"mezz.html", "born":[{"year":"1899"}, {"month":"9"}, {"day":"11"}], "died":[{"year":"1972"}, {"month":"5"}, {"day":"8"}]},
{"name":"Bubber Miley", "birthLocation":"Aiken, South Carolina", "pageUrl":"bubber.html", "born":[{"year":"1903"}, {"month":"3"}, {"day":"4"}], "died":[{"year":"1932"}, {"month":"20"}, {"day":"5"}]},
{"name":"Lizzie Miles", "birthLocation":"New Orleans, Louisiana", "pageUrl":"lizziemiles.html", "born":[{"year":"1895"}, {"month":"31"}, {"day":"3"}], "died":[{"year":"1963"}, {"month":"17"}, {"day":"3"}]},
{"name":"Josie Miles", "birthLocation":"Sommerville, North Carolina", "pageUrl":"josiemiles.html", "born":[{"year":"1900"}], "died":[]},
{"name":"Irving Mills", "birthLocation":"New York, New York", "pageUrl":"irvingmills.html", "born":[{"year":"1894"}, {"month":"16"}, {"day":"1"}], "died":[{"year":"1985"}, {"month":"21"}, {"day":"4"}]},
{"name":"George Mitchell", "birthLocation":"Louisville, Kentucky", "pageUrl":"georgemitchell.html", "born":[{"year":"1899"}, {"month":"8"}, {"day":"3"}], "died":[{"year":"1972"}, {"month":"27"}, {"day":"5"}]},
{"name":"Miff Mole", "birthLocation":"Welfare Island, New York", "pageUrl":"miff.html", "born":[{"year":"1898"}, {"month":"11"}, {"day":"3"}], "died":[{"year":"1961"}, {"month":"29"}, {"day":"4"}]},
{"name":"Monette Moore ", "birthLocation":"Gainesville, Texas", "pageUrl":"monettemoore.html", "born":[{"year":"1902"}, {"month":"19"}, {"day":"5"}], "died":[{"year":"1962"}, {"month":"21"}, {"day":"10"}]},
{"name":"Lee Morse", "birthLocation":"Portland, Oregon", "pageUrl":"leemorse.html", "born":[{"year":"1897"}, {"month":"30"}, {"day":"11"}], "died":[{"year":"1954"}, {"month":"16"}, {"day":"12"}]},
{"name":"Jelly Roll Morton", "birthLocation":"New Orleans, Louisiana", "pageUrl":"jellyroll.html", "born":[{"year":"1890"}, {"month":"20"}, {"day":"10"}], "died":[{"year":"1941"}, {"month":"10"}, {"day":"7"}]},
{"name":"Thomas Morris", "birthLocation":"New York, New York", "pageUrl":"morris.html", "born":[{"year":"1898"}], "died":[]},
{"name":"Bennie Moten", "birthLocation":"Kansas City, Missouri", "pageUrl":"moten.html", "born":[{"year":"1894"}, {"month":"13"}, {"day":"11"}], "died":[{"year":"1935"}, {"month":"2"}, {"day":"4"}]},
{"name":"Phil Napoleon", "birthLocation":"Boston, Massachusetts", "pageUrl":"napoleon.html", "born":[{"year":"1901"}, {"month":"2"}, {"day":"9"}], "died":[{"year":"1990"}, {"month":"13"}, {"day":"9"}]},
{"name":"Albert Nicholas", "birthLocation":"New Orleans, Louisiana", "pageUrl":"nicholas.html", "born":[{"year":"1900"}, {"month":"27"}, {"day":"5"}], "died":[{"year":"1973"}, {"month":"3"}, {"day":"9"}]},
{"name":"Red Nichols", "birthLocation":"Ogden, Utah", "pageUrl":"redn.html", "born":[{"year":"1905"}, {"month":"8"}, {"day":"5"}], "died":[{"year":"1965"}, {"month":"28"}, {"day":"6"}]},
{"name":"Jimmie Noone", "birthLocation":"Cut-Off, Louisiana", "pageUrl":"noone.html", "born":[{"year":"1895"}, {"month":"23"}, {"day":"4"}], "died":[{"year":"1944"}, {"month":"19"}, {"day":"4"}]},
{"name":"Yellow Nuсez", "birthLocation":"New Orleans, Louisiana", "pageUrl":"yellow.html", "born":[{"year":"1884"}, {"month":"17"}, {"day":"3"}], "died":[{"year":"1934"}, {"month":"2"}, {"day":"9"}]},
{"name":"King Oliver", "birthLocation":"New Orleans, Louisiana", "pageUrl":"kingo.html", "born":[{"year":"1885"}, {"month":"11"}, {"day":"5"}], "died":[{"year":"1938"}, {"month":"10"}, {"day":"4"}]},
{"name":"Kid Ory", "birthLocation":"La Place, Louisiana", "pageUrl":"ory.html", "born":[{"year":"1886"}, {"month":"25"}, {"day":"12"}], "died":[{"year":"1973"}, {"month":"23"}, {"day":"1"}]},
{"name":"Bee Palmer", "birthLocation":"Chicago, Illinois", "pageUrl":"beepalmer.html", "born":[{"year":"1894"}, {"month":"9"}], "died":[{"year":"1967"}, {"month":"23"}, {"day":"12"}]},
{"name":"Anthony Parenti", "birthLocation":"New Orleans, Louisiana", "pageUrl":"tonyparenti.html", "born":[{"year":"1900"}, {"month":"6"}, {"day":"8"}], "died":[{"year":"1972"}, {"month":"17"}, {"day":"4"}]},
{"name":"Tiny Parham", "birthLocation":"Winnipeg, Canada", "pageUrl":"tiny.html", "born":[{"year":"1900"}, {"month":"25"}, {"day":"1"}], "died":[{"year":"1943"}, {"month":"4"}, {"day":"4"}]},
{"name":"Eddie Peabody", "birthLocation":"Reading, Massachusetts", "pageUrl":"peabody.html", "born":[{"year":"1902"}, {"month":"19"}, {"day":"2"}], "died":[{"year":"1970"}, {"month":"7"}, {"day":"11"}]},
{"name":"Manuel Perez", "birthLocation":"New Orleans, Louisiana", "pageUrl":"perez.html", "born":[{"year":"1873"}], "died":[{"year":"1946"}]},
{"name":"Buddie Petit", "birthLocation":"White Castle, Louisiana", "pageUrl":"petit.html", "born":[{"year":"1895"}], "died":[{"year":"1931"}, {"month":"4"}, {"day":"7"}]},
{"name":"Alphonse Picou", "birthLocation":"New Orleans, Louisiana", "pageUrl":"picou.html", "born":[{"year":"1880"}, {"month":"18"}, {"day":"10"}], "died":[{"year":"1961"}, {"month":"4"}, {"day":"2"}]},
{"name":"Armand J. Piron", "birthLocation":"New Orleans, Louisiana", "pageUrl":"piron.html", "born":[{"year":"1888"}, {"month":"16"}, {"day":"8"}], "died":[{"year":"1943"}, {"month":"17"}, {"day":"2"}]},
{"name":"Ben Pollack", "birthLocation":"Chicago, Illinois", "pageUrl":"pollack.html", "born":[{"year":"1903"}, {"month":"27"}, {"day":"6"}], "died":[{"year":"1971"}, {"month":"7"}, {"day":"6"}]},
{"name":"Harry Raderman", "birthLocation":"?", "pageUrl":"null", "born":[{"year":"1883"}], "died":[{"year":"1939"}]},
{"name":"Ma Rainey", "birthLocation":"Columbus, Georgia", "pageUrl":"rainey.html", "born":[{"year":"1886"}, {"month":"26"}, {"day":"4"}], "died":[{"year":"1939"}, {"month":"22"}, {"day":"12"}]},
{"name":"Don Redman", "birthLocation":"Piedmont, West Virginia", "pageUrl":"redman.html", "born":[{"year":"1900"}, {"month":"29"}, {"day":"7"}], "died":[{"year":"1964"}, {"month":"30"}, {"day":"11"}]},
{"name":"Django Reinhardt", "birthLocation":"Liberchien, Belgium", "pageUrl":"django.html", "born":[{"year":"1910"}, {"month":"24"}, {"day":"1"}], "died":[{"year":"1953"}, {"month":"16"}, {"day":"5"}]},
{"name":"Kid Rena", "birthLocation":"New Orleans, Louisiana", "pageUrl":"kidrena.html", "born":[{"year":"1898"}, {"month":"30"}, {"day":"8"}], "died":[{"year":"1949"}, {"month":"25"}, {"day":"4"}]},
{"name":"Harry Reser", "birthLocation":"Piqua, Ohio", "pageUrl":"reser.html", "born":[{"year":"1895"}, {"month":"17"}, {"day":"1"}], "died":[{"year":"1967"}]},
{"name":"John Robichaux", "birthLocation":"Thibodaux, Louisiana", "pageUrl":"null", "born":[{"year":"1866"}, {"month":"16"}, {"day":"1"}], "died":[{"year":"1939"}]},
{"name":"Adrian Rollini", "birthLocation":"New York, New York", "pageUrl":"rollini.html", "born":[{"year":"1904"}, {"month":"28"}, {"day":"6"}], "died":[{"year":"1956"}, {"month":"15"}, {"day":"5"}]},
{"name":"Leon Roppolo", "birthLocation":"Lutcher, Louisiana", "pageUrl":"roppolo.html", "born":[{"year":"1902"}, {"month":"16"}, {"day":"3"}], "died":[{"year":"1943"}, {"month":"14"}, {"day":"10"}]},
{"name":"Pee Wee Russell", "birthLocation":"Maplewood, Missouri", "pageUrl":"peewee.html", "born":[{"year":"1906"}, {"month":"27"}, {"day":"3"}], "died":[{"year":"1969"}, {"month":"15"}, {"day":"2"}]},
{"name":"Luis Russell", "birthLocation":"Borcas Del Toro, Republic of Panama", "pageUrl":"russell.html", "born":[{"year":"1902"}, {"month":"6"}, {"day":"8"}], "died":[{"year":"1963"}, {"month":"11"}, {"day":"12"}]},
{"name":"Arthur Schutt", "birthLocation":"Reading, Pennsylvania", "pageUrl":"schutt.html", "born":[{"year":"1902"}, {"month":"21"}, {"day":"11"}], "died":[{"year":"1965"}, {"month":"28"}, {"day":"1"}]},
{"name":"Bud Scott", "birthLocation":"New Orleans, Louisiana", "pageUrl":"budscott.html", "born":[{"year":"1890"}, {"month":"11"}, {"day":"1"}], "died":[{"year":"1948"}, {"month":"2"}, {"day":"7"}]},
{"name":"Cecil Scott", "birthLocation":"Springfield, Ohio", "pageUrl":"scott.html", "born":[{"year":"1905"}, {"month":"22"}, {"day":"11"}], "died":[{"year":"1964"}, {"month":"5"}, {"day":"1"}]},
{"name":"Ben Selvin", "birthLocation":"New York, New York", "pageUrl":"selvin.html", "born":[{"year":"1898"}], "died":[{"year":"1980"}, {"month":"15"}, {"day":"7"}]},
{"name":"Boyd Senter", "birthLocation":"New Orleans, Louisiana", "pageUrl":"senter.html", "born":[{"year":"1898"}, {"month":"30"}, {"day":"11"}], "died":[{"year":"1982"}, {"month":"6"}]},
{"name":"Larry Shields", "birthLocation":"New Orleans, Louisiana", "pageUrl":"null", "born":[{"year":"1893"}, {"month":"13"}, {"day":"9"}], "died":[{"year":"1953"}, {"month":"21"}, {"day":"11"}]},
{"name":"Frank Signorelli", "birthLocation":"New York, New York", "pageUrl":"franks.html", "born":[{"year":"1901"}, {"month":"24"}, {"day":"5"}], "died":[{"year":"1975"}, {"month":"9"}, {"day":"12"}]},
{"name":"Omer Simeon", "birthLocation":"New Orleans, Louisiana", "pageUrl":"omar.html", "born":[{"year":"1898"}, {"month":"14"}, {"day":"4"}], "died":[{"year":"1959"}, {"month":"17"}, {"day":"9"}]},
{"name":"Zutty Singleton", "birthLocation":"Bunkie, Louisiana", "pageUrl":"zutty.html", "born":[{"year":"1898"}, {"month":"14"}, {"day":"5"}], "died":[{"year":"1975"}, {"month":"14"}, {"day":"7"}]},
{"name":"Bessie Smith", "birthLocation":"Chattanooga, Tennessee", "pageUrl":"bessie.html", "born":[{"year":"1895"}, {"month":"15"}, {"day":"4"}], "died":[{"year":"1937"}, {"month":"26"}, {"day":"9"}]},
{"name":"Clara Smith", "birthLocation":"Spartanburg, South Carolina", "pageUrl":"clarasmith.html", "born":[{"year":"1894"}], "died":[{"year":"1935"}, {"month":"2"}]},
{"name":"Jabbo Smith", "birthLocation":"Pembroke, Georgia", "pageUrl":"jabbo.html", "born":[{"year":"1908"}, {"month":"24"}, {"day":"12"}], "died":[{"year":"1991"}, {"month":"16"}, {"day":"1"}]},
{"name":"Laura Smith", "birthLocation":"Indianapolis, Indiana", "pageUrl":"laurasmith.html", "born":[], "died":[{"year":"1931"}, {"month":"2"}]},
{"name":"Mamie Smith", "birthLocation":"Cincinnati, Ohio", "pageUrl":"mamie.html", "born":[{"year":"1883"}, {"month":"26"}, {"day":"5"}], "died":[{"year":"1946"}, {"month":"30"}, {"day":"10"}]},
{"name":"Trixie Smith</A>", "birthLocation":"Atlanta, Georgia", "pageUrl":"trixiesmith.html", "born":[{"year":"1895"}], "died":[{"year":"1943"}, {"month":"21"}, {"day":"9"}]},
{"name":"Willie \"The Lion\" Smith", "birthLocation":"Goshen, New York", "pageUrl":"thelion.html", "born":[{"year":"1897"}, {"month":"25"}, {"day":"11"}], "died":[{"year":"1973"}, {"month":"18"}, {"day":"4"}]},
{"name":"Elmer Snowden", "birthLocation":"Baltimore, Maryland", "pageUrl":"elmer.html", "born":[{"year":"1900"}, {"month":"9"}, {"day":"10"}], "died":[{"year":"1973"}, {"month":"14"}, {"day":"5"}]},
{"name":"Muggsy Spanier", "birthLocation":"Chicago, Illinois", "pageUrl":"muggsy.html", "born":[{"year":"1906"}, {"month":"9"}, {"day":"11"}], "died":[{"year":"1967"}, {"month":"12"}, {"day":"2"}]},
{"name":"Victoria Spivey", "birthLocation":"Houston, Texas", "pageUrl":"spivey.html", "born":[{"year":"1906"}, {"month":"15"}, {"day":"10"}], "died":[{"year":"1976"}, {"month":"3"}, {"day":"10"}]},
{"name":"Johnny St. Cyr", "birthLocation":"New Orleans, Louisiana", "pageUrl":"cyr.html", "born":[{"year":"1890"}, {"month":"17"}, {"day":"4"}], "died":[{"year":"1966"}, {"month":"17"}, {"day":"6"}]},
{"name":"Mary Stafford", "birthLocation":"Missouri", "pageUrl":"marystafford.html", "born":[{"year":"1895"}], "died":[{"year":"1938"}]},
{"name":"Joe Sullivan", "birthLocation":"Chicago, Illinois", "pageUrl":"sullivan.html", "born":[{"year":"1906"}, {"month":"4"}, {"day":"11"}], "died":[{"year":"1971"}, {"month":"13"}, {"day":"10"}]},
{"name":"Wilbur Sweatman", "birthLocation":"Brunswick, Missouri", "pageUrl":"sweatman.html", "born":[{"year":"1882"}, {"month":"7"}, {"day":"2"}], "died":[{"year":"1961"}, {"month":"9"}, {"day":"3"}]},
{"name":"Erskine Tate", "birthLocation":"Memphis, Tennessee", "pageUrl":"tate.html", "born":[{"year":"1895"}, {"month":"19"}, {"day":"12"}], "died":[{"year":"1978"}, {"month":"17"}, {"day":"12"}]},
{"name":"Eva Taylor", "birthLocation":"St. Louis, Missouri", "pageUrl":"eva.html", "born":[{"year":"1895"}, {"month":"22"}, {"day":"6"}], "died":[{"year":"1977"}, {"month":"31"}, {"day":"10"}]},
{"name":"Jasper Taylor", "birthLocation":"Texarkana, Texas", "pageUrl":"taylor.html", "born":[{"year":"1845"}, {"month":"1"}, {"day":"1"}], "died":[{"year":"1964"}]},
{"name":"Jack Teagarden", "birthLocation":"Vernon, Texas", "pageUrl":"tea.html", "born":[{"year":"1905"}, {"month":"20"}, {"day":"8"}], "died":[{"year":"1964"}, {"month":"15"}, {"day":"1"}]},
{"name":"Thelma Terry", "birthLocation":"Bangor, Michigan", "pageUrl":"thelmaterry.html", "born":[{"year":"1901"}, {"month":"30"}, {"day":"9"}], "died":[{"year":"1966"}, {"month":"30"}, {"day":"5"}]},
{"name":"Frank Teschemacher", "birthLocation":"Kansas City, Missouri", "pageUrl":"tesch.html", "born":[{"year":"1906"}, {"month":"13"}, {"day":"3"}], "died":[{"year":"1932"}, {"month":"1"}, {"day":"3"}]},
{"name":"Hociel Thomas", "birthLocation":"Houston, Texas", "pageUrl":"hocielthomas.html", "born":[{"year":"1904"}, {"month":"10"}, {"day":"7"}], "died":[{"year":"1952"}, {"month":"22"}, {"day":"8"}]},
{"name":"Alphonso Trent", "birthLocation":"Fort Smith, Arkansas", "pageUrl":"atrent.html", "born":[{"year":"1905"}, {"month":"24"}, {"day":"10"}], "died":[{"year":"1959"}, {"month":"14"}, {"day":"10"}]},
{"name":"Frankie Trumbauer", "birthLocation":"Carbondale, Illinois", "pageUrl":"trum.html", "born":[{"year":"1901"}, {"month":"30"}, {"day":"3"}], "died":[{"year":"1956"}, {"month":"11"}, {"day":"7"}]},
{"name":"Joe Venuti", "birthLocation":"Philadelphia, Pennsylvania", "pageUrl":"venuti.html", "born":[{"year":"1903"}, {"month":"16"}, {"day":"9"}], "died":[{"year":"1978"}, {"month":"14"}, {"day":"8"}]},
{"name":"Sippie Wallace", "birthLocation":"Houston, Texas", "pageUrl":"wallace.html", "born":[{"year":"1898"}, {"month":"1"}, {"day":"11"}], "died":[{"year":"1986"}, {"month":"1"}, {"day":"11"}]},
{"name":"Fats Waller", "birthLocation":"New York, New York", "pageUrl":"fats.html", "born":[{"year":"1904"}, {"month":"21"}, {"day":"5"}], "died":[{"year":"1943"}, {"month":"15"}, {"day":"12"}]},
{"name":"Ethel Waters", "birthLocation":"Chester, Pennsylvania", "pageUrl":"waters.html", "born":[{"year":"1896"}, {"month":"31"}, {"day":"10"}], "died":[{"year":"1977"}, {"month":"1"}, {"day":"9"}]},
{"name":"DePriest Wheeler", "birthLocation":"Kansas City, Missouri", "pageUrl":"wheeler.html", "born":[{"year":"1903"}], "died":[{"year":"1998"}, {"month":"10"}, {"day":"4"}]},
{"name":"Clarence Williams", "birthLocation":"Plaquemine Delta, Louisiana", "pageUrl":"williams.html", "born":[{"year":"1898"}, {"month":"8"}, {"day":"10"}], "died":[{"year":"1965"}, {"month":"6"}, {"day":"11"}]},
{"name":"Edith Wilson", "birthLocation":"Louisville, Kentucky", "pageUrl":"edithwilson.html", "born":[{"year":"1896"}, {"month":"2"}, {"day":"9"}], "died":[{"year":"1981"}, {"month":"30"}, {"day":"3"}]},
{"name":"Lena Wilson", "birthLocation":"Charlotte, North Carolina", "pageUrl":"lwilson.html", "born":[{"year":"1898"}], "died":[{"year":"1939"}]},
{"name":"Paul Whiteman", "birthLocation":"Denver, Colorado", "pageUrl":"whiteman.html", "born":[{"year":"1890"}, {"month":"28"}, {"day":"3"}], "died":[{"year":"1967"}, {"month":"29"}, {"day":"12"}]},
{"name":"Jimmy Yancey", "birthLocation":"Chicago, Illinois", "pageUrl":"jimmyyancey.html", "born":[{"year":"1901"}], "died":[{"year":"1951"}, {"month":"17"}, {"day":"9"}]}
]